model,qid,hallucination_score,correctness_score,completeness,relevance,regulatory_consistency,semantic_similarity
Claude,100.5,0.38318377872498766,0.6168162212750123,0.6927736648198766,0.7570301879105752,0.169,0.6927736648198766
GPT4o,100.5,0.35493777666607207,0.645062223333928,0.7155158397194673,0.7563473174773436,0.16150000000000003,0.7155158397194673
VisaMate,100.5,0.29276643062699714,0.707233569373003,0.77385807846274,0.724214536176543,0.2045,0.77385807846274
