metric,p_value_vs_gpt4o,p_value_vs_claude
hallucination_score,0.010234995135174167,0.00038382503639349604
correctness_score,0.9897885058916305,0.9996173761876312
completeness,0.9999999748787748,0.9999999999999969
relevance,0.010838048451358046,0.004325579167392576
semantic_similarity,0.9999999748787748,0.9999999999999969
